https://www.haskala-library.net/people/aaron-joseph-philipp-%D7%90%D7%94%D7%A8%D7%9F-%D7%99%D7%95%D7%A1%D7%A3,"Aaron, Joseph Philipp - ????, ????",297651133,http://viaf.org/viaf/297651133,None 
https://www.haskala-library.net/people/ackord-elias-%D7%90%D7%A7%D7%95%D7%A8%D7%93-%D7%90%D7%9C%D7%99%D7%94%D7%95,"Ackord, Elias - ?????, ?????",309708467,http://viaf.org/viaf/171990530,http://d-nb.info/gnd/101319344X
https://www.haskala-library.net/people/alexander-isaak-%D7%90%D7%9C%D7%9B%D7%A1%D7%A0%D7%93%D7%A8-%D7%99%D7%A6%D7%97%D7%A7,"Alexander, Isaak - ???????, ????",309507694,http://viaf.org/viaf/194657911,http://d-nb.info/gnd/120105756
https://www.haskala-library.net/people/alexander-levy-%D7%90%D7%9C%D7%9B%D7%A1%D7%A0%D7%93%D7%A8-%D7%9C%D7%95%D7%99,"Alexander, Levy - ???????, ???",311971929,http://viaf.org/viaf/222152140015511100004,http://d-nb.info/gnd/115441809X
https://www.haskala-library.net/people/arnstein-benedict-david-%D7%90%D7%A8%D7%A0%D7%A9%D7%98%D7%99%D7%99%D7%9F-%D7%91%D7%A0%D7%93%D7%99%D7%A7%D7%98-%D7%93%D7%95%D7%93,"Arnstein, Benedict David - ????????, ?????? ???",None,https://viaf.org/viaf/67310902/,http://d-nb.info/gnd/120963434
https://www.haskala-library.net/people/asch-abraham-%D7%90%D7%A9-%D7%90%D7%91%D7%A8%D7%94%D7%9D,"Asch, Abraham - ??, ?????",291400705,http://viaf.org/viaf/309695362,http://d-nb.info/gnd/1055502246
https://www.haskala-library.net/people/ascher-judas-%D7%90%D7%A9%D7%A8-%D7%99%D7%94%D7%95%D7%93%D7%94,"Ascher, Judas - ???, ?????",306236205,http://viaf.org/viaf/7152199195314282068,http://d-nb.info/gnd/1154885348
https://www.haskala-library.net/people/ascher-saul-%D7%90%D7%A9%D7%A8-%D7%A9%D7%90%D7%95%D7%9C,"Ascher, Saul - ???, ????",312063522,https://viaf.org/viaf/42631382/,http://d-nb.info/gnd/118646052
https://www.haskala-library.net/people/baras-simon-%D7%91%D7%A8%D7%96-%D7%A9%D7%9E%D7%A2%D7%95%D7%9F,"Baras, Simon - ??""?, ?????",None,None,None
https://www.haskala-library.net/people/baruch-schick-shklov-%D7%A9%D7%99%D7%A7-%D7%91%D7%A8%D7%95%D7%9A-%D7%9E%D7%A9%D7%A7%D7%9C%D7%95%D7%91,"Baruch Schick of Shklov - ???, ???? ??????",none,https://viaf.org/viaf/200052159,http://d-nb.info/gnd/134126033
https://www.haskala-library.net/people/baschwitz-%D7%91%D7%A9%D7%95%D7%95%D7%99%D7%A5-%D7%91%D7%A8%D7%95%D7%9A,"Baschwitz - ??????, ????",311912994,None,None
https://www.haskala-library.net/people/baschwitz-zebi-hirsch-ben-meir-%D7%91%D7%A9%D7%91%D7%99%D7%A5-%D7%A6%D7%91%D7%99-%D7%94%D7%99%D7%A8%D7%A9-%D7%91%D7%9F-%D7%9E%D7%90%D7%99%D7%A8,"Baschwitz, Zebi (Hirsch) ben Meir - ?????, ??? ???? ?? ????",None,http://viaf.org/viaf/298086840,http://d-nb.info/gnd/1135748926
https://www.haskala-library.net/people/beer-peter-%D7%91%D7%A2%D7%A8-%D7%A4%D7%A8%D7%A5,"Beer, Peter - ???, ???",None,http://viaf.org/viaf/30317221,http://d-nb.info/gnd/117582085
https://www.haskala-library.net/people/belinfante-isaac-%D7%91%D7%9C%D7%99%D7%A0%D7%A4%D7%A0%D7%98%D7%99-%D7%99%D7%A6%D7%97%D7%A7,"Belinfante, Isaac - ????????, ????",288941904,http://viaf.org/viaf/34043088,None 
https://www.haskala-library.net/people/ben-seew-juda-l%C3%B6b-%D7%91%D7%9F-%D7%96%D7%90%D7%91-%D7%99%D7%94%D7%95%D7%93%D7%94-%D7%9C%D7%99%D7%91,"Ben Seew, Juda Löb - ??-???, ????? ???",None,https://viaf.org/viaf/28003741,http://d-nb.info/gnd/124404170
https://www.haskala-library.net/people/bendavid-lazarus-%D7%91%D7%A0%D7%93%D7%95%D7%93-%D7%9C%D7%A6%D7%A8%D7%95%D7%A1,"Bendavid, Lazarus - ?????, ?????",312505979,https://viaf.org/viaf/9889707/,http://d-nb.info/gnd/116117818
https://www.haskala-library.net/people/ben-jacob-meir-%D7%91%D7%9F-%D7%99%D7%A2%D7%A7%D7%91-%D7%9E%D7%90%D7%99%D7%A8,"Ben-Jacob, Meir - ??-????, ????",309599334,http://viaf.org/viaf/6408154387393930970001,http://d-nb.info/gnd/1172564884
https://www.haskala-library.net/people/berlin-saul-%D7%91%D7%A8%D7%9C%D7%99%D7%9F-%D7%A9%D7%90%D7%95%D7%9C,"Berlin, Saul - ?????, ????",302403142,https://viaf.org/viaf/76189490/,http://d-nb.info/gnd/136442099
https://www.haskala-library.net/people/berr-isaac-berr-%D7%91%D7%A8-%D7%99%D7%A6%D7%97%D7%A7-%D7%91%D7%A8,"Berr, Isaac Berr - ??, ???? ??",215702936,https://viaf.org/viaf/79116375/,http://d-nb.info/gnd/120082047
https://www.haskala-library.net/people/berr-michel-%D7%91%D7%A8-%D7%9E%D7%99%D7%9B%D7%90%D7%9C,"Berr, Michel - ??, ?????",61680557,https://viaf.org/viaf/61680557,http://d-nb.info/gnd/100037720
https://www.haskala-library.net/people/bing-beer-abraham-%D7%91%D7%99%D7%A0%D7%92-%D7%90%D7%91%D7%A8%D7%94%D7%9D-%D7%91%D7%A8,"Bing, Beer Abraham - ????, ????? ??",282974572,https://viaf.org/viaf/282974572,http://d-nb.info/gnd/130051039
https://www.haskala-library.net/people/bock-moses-hirsch-%D7%91%D7%95%D7%A7-%D7%9E%D7%A9%D7%94-%D7%91%D7%9F-%D7%A6%D7%91%D7%99,"Bock, Moses Hirsch - ???, ??? (??) ???",306145329,http://viaf.org/viaf/23282937,http://d-nb.info/gnd/131838415
https://www.haskala-library.net/people/bondi-mardochai-%D7%91%D7%95%D7%A0%D7%93%D7%99-%D7%9E%D7%A8%D7%93%D7%9B%D7%99,"Bondi, Mardochai - ?????, ?????",56964546,https://viaf.org/viaf/56964546,http://d-nb.info/gnd/100756115
https://www.haskala-library.net/people/Bondi-Simon,"Bondi, Simon",309627612,http://viaf.org/viaf/9373478,https://d-nb.info/gnd/1053411529
https://www.haskala-library.net/people/bran-alexander,"Bran, Alexander",313196281,http://viaf.org/viaf/313196281,None 
https://www.haskala-library.net/people/Breslauer-Mendel,"Breslauer, Mendel",297148089,None,None
https://www.haskala-library.net/people/buchner-zeev-wolf-%D7%91%D7%95%D7%9B%D7%A0%D7%A8-%D7%96%D7%90%D7%91-%D7%95%D7%95%D7%9C%D7%A3,"Buchner, Zeev Wolf - ?????, ??? ????",53997089,https://viaf.org/viaf/53997089,http://d-nb.info/gnd/141302283
https://www.haskala-library.net/people/b%C3%BCschenthal-lippmann-moses-%D7%91%D7%99%D7%A9%D7%A0%D7%98%D7%9C-%D7%9C%D7%99%D7%A4%D7%9E%D7%9F-%D7%9E%D7%A9%D7%94,"Büschenthal, Lippmann Moses - ??????, ????? ???",40148037,http://viaf.org/viaf/40148037,http://d-nb.info/gnd/117144061
https://www.haskala-library.net/people/cohen-benjamin-moses-%D7%9B%D7%94%D7%9F-%D7%91%D7%A0%D7%99%D7%9E%D7%99%D7%9F-%D7%9E%D7%A9%D7%94,"Cohen, Benjamin Moses - ???, ?????? ???",190948952,None,None
https://www.haskala-library.net/people/cohen-chanania-elchanan-chaj-%D7%9B%D7%94%D7%9F-%D7%97%D7%A0%D7%A0%D7%99%D7%94-%D7%90%D7%9C%D7%97%D7%A0%D7%9F-%D7%97%D7%99,"Cohen, Chanania Elchanan Chaj - ???, ????? ????? ??",None,http://viaf.org/viaf/47003438,http://d-nb.info/gnd/119183803
https://www.haskala-library.net/people/cohen-salomon-jacob-%D7%9B%D7%94%D7%9F-%D7%A9%D7%9C%D7%95%D7%9D,"Cohen, Salomon Jacob - ???, ????",247339464,https://viaf.org/viaf/97210672,http://d-nb.info/gnd/136750109
https://www.haskala-library.net/people/cologna-abraham-de-%D7%A7%D7%95%D7%9C%D7%95%D7%A0%D7%99%D7%90-%D7%90%D7%91%D7%A8%D7%94%D7%9D-%D7%97%D7%99-%D7%93%D7%99,"Cologna, Abraham de - ???????, ????? ?? ??",46904538,https://viaf.org/viaf/22274908/,http://d-nb.info/gnd/1050554280
https://www.haskala-library.net/people/c%C3%B6slin-chajim-%D7%A7%D7%A1%D7%9C%D7%99%D7%9F-%D7%97%D7%99%D7%99%D7%9D,"Cöslin, Chajim - ?????, ????",160108574,https://viaf.org/viaf/31884615,http://d-nb.info/gnd/105305856X
https://www.haskala-library.net/people/derenburg-zebi-hirsch-%D7%93%D7%A8%D7%A0%D7%91%D7%95%D7%A8%D7%92-%D7%94%D7%99%D7%A8%D7%A9,"Derenburg, Zebi Hirsch - ???????, ????",None,None,None
https://www.haskala-library.net/people/dessau-wolf-%D7%93%D7%A1%D7%90%D7%95-%D7%95%D7%95%D7%9C%D7%A3,"Dessau, Wolf - ????, ????",284946145,http://viaf.org/viaf/284946145,None 
https://www.haskala-library.net/people/dohm-lewin-benjamin-%D7%93%D7%95%D7%94%D7%9D-%D7%9C%D7%95%D7%99%D7%9F-%D7%91%D7%A0%D7%99%D7%9E%D7%99%D7%9F,"Dohm, Lewin Benjamin - ????, ???? ??????",None,https://viaf.org/viaf/8148152381806301950006/,http://d-nb.info/gnd/1155985435
https://www.haskala-library.net/people/dormitzer-meir-markus-%D7%93%D7%95%D7%A8%D7%9E%D7%99%D7%A6%D7%A8-%D7%9E%D7%90%D7%99%D7%A8,"Dormitzer, Meir Markus - ???????, ????",None,None,None
https://www.haskala-library.net/people/driesen-mordechai-%D7%93%D7%A8%D7%99%D7%96%D7%9F-%D7%9E%D7%A8%D7%93%D7%9B%D7%99-%D7%91%D7%9F-%D7%A9%D7%9E%D7%A2%D7%99%D7%94,"Driesen, Mordechai - ?????, ????? ?? ?????",52831181,https://viaf.org/viaf/52831181,http://d-nb.info/gnd/131785494
https://www.haskala-library.net/people/dubno-salomon-%D7%93%D7%95%D7%91%D7%A0%D7%90-%D7%A9%D7%9C%D7%9E%D7%94,"Dubno, Salomon - ?????, ????",None,https://viaf.org/viaf/75054201/,http://d-nb.info/gnd/133874206
https://www.haskala-library.net/people/epstein-pelte-moses-%D7%90%D7%A4%D7%A9%D7%98%D7%99%D7%9F-%D7%A4%D7%9C%D7%98%D7%90-%D7%91%D7%9F-%D7%9E%D7%A9%D7%94,"Epstein, Pelte Moses - ??????, ???? ?? ???",None,None,None
https://www.haskala-library.net/people/euchel-gottleb-%D7%90%D7%99%D7%99%D7%9B%D7%9C-%D7%99%D7%97%D7%99%D7%90%D7%9C-%D7%92%D7%95%D7%98%D7%9C%D7%99%D7%91,"Euchel, Gottleb - ?????, ????? ??????",298583259,http://viaf.org/viaf/298583259,None 
https://www.haskala-library.net/people/euchel-isaac-abraham,"Euchel, Isaac Abraham",310491270,http://viaf.org/viaf/34692870,http://d-nb.info/gnd/122891961
https://www.haskala-library.net/people/feder-guttmann-tuvia-%D7%A4%D7%93%D7%A8-%D7%98%D7%95%D7%91%D7%99%D7%94,"(Feder)-Guttmann, Tuvia - ???, ?????",None,https://viaf.org/viaf/12245599,http://d-nb.info/gnd/1065848021?
https://www.haskala-library.net/people/fischer-markus-%D7%A4%D7%99%D7%A9%D7%A8-%D7%9E%D7%90%D7%99%D7%A8,"Fischer, Markus - ????, ????",311094757,None,None
https://www.haskala-library.net/people/francia-de-beaufleury-louis,"Francia de Beaufleury, Louis",73926249,https://viaf.org/viaf/73926249/,http://d-nb.info/gnd/103114890
https://www.haskala-library.net/people/franco-mendes-david-%D7%A4%D7%A8%D7%A0%D7%A7%D7%95-%D7%9E%D7%A0%D7%93%D7%A1-%D7%93%D7%95%D7%93,"Franco Mendes, David - ?????-????, ???",295374324,http://viaf.org/viaf/295374324,http://d-nb.info/gnd/1146404700
https://www.haskala-library.net/people/fr%C3%A4nkel-david-%D7%A4%D7%A8%D7%A0%D7%A7%D7%9C-%D7%93%D7%95%D7%93,"Fränkel, David - ?????, ???",312067589,https://viaf.org/viaf/102605103,http://d-nb.info/gnd/139754105
https://www.haskala-library.net/people/friedl%C3%A4nder-david,"Friedländer, David",313326925,https://viaf.org/viaf/59128359,http://d-nb.info/gnd/119463288
https://www.haskala-library.net/people/friedl%C3%A4nder-michael-%D7%A4%D7%A8%D7%99%D7%93%D7%A2%D7%A0%D7%93%D7%A8-%D7%9E%D7%99%D7%9B%D7%90%D7%9C,"Friedländer, Michael - ????????, ?????",311847914,https://viaf.org/viaf/52450924,http://d-nb.info/gnd/116797851
https://www.haskala-library.net/people/friedl%C3%A4nder-sanwil-%D7%A4%D7%A8%D7%99%D7%93%D7%9C%D7%A0%D7%93%D7%A8-%D7%96%D7%A0%D7%95%D7%95%D7%99%D7%9C-%D7%A9%D7%9E%D7%95%D7%90%D7%9C,"Friedländer, Sanwil - ????????, ?????? ?????",None,None,None
https://www.haskala-library.net/people/friedrichsfeld-david-%D7%A4%D7%A8%D7%99%D7%93%D7%A8%D7%99%D7%9B%D7%A1%D7%A4%D7%9C%D7%93-%D7%93%D7%95%D7%93,"Friedrichsfeld, David - ???????????, ???",285191198,https://viaf.org/viaf/2033258,http://d-nb.info/gnd/1053283369
https://www.haskala-library.net/people/furtado-abraham-%D7%A4%D7%95%D7%A8%D7%98%D7%90%D7%93%D7%95-%D7%90%D7%91%D7%A8%D7%94%D7%9D,"Furtado, Abraham - ???????, ?????",153173579,https://viaf.org/viaf/2627296,http://d-nb.info/gnd/130319406
https://www.haskala-library.net/people/f%C3%BCrth-meyer-elkan-%D7%A4%D7%99%D7%A8%D7%93%D7%90-%D7%90%D7%9C%D7%97%D7%A0%D7%9F-%D7%9E%D7%90%D7%99%D7%A8-%D7%91%D7%9F-%D7%90%D7%91%D7%A8%D7%94%D7%9D,"Fürth, Meyer Elkan - ?????, ????? ???? ?? ?????",305857543,https://viaf.org/viaf/1912152684007223430009,http://d-nb.info/gnd/1051507383
https://www.haskala-library.net/people/gerson-elias-%D7%90%D7%9C%D7%99%D7%94%D7%95-%D7%9E%D7%A4%D7%99%D7%A0%D7%98%D7%A9%D7%95%D7%91,"Gerson, Elias - ????? ????????",306229990,http://viaf.org/viaf/306229990,http://d-nb.info/gnd/1140542818
https://www.haskala-library.net/people/graanboom-izak-%D7%92%D7%A8%D7%90%D7%A0%D7%91%D7%95%D7%9D-%D7%99%D7%A6%D7%97%D7%A7,"Graanboom, Izak - ???????, ????",281317838,http://viaf.org/viaf/281317838,None 
https://www.haskala-library.net/people/hanau-salomon-%D7%94%D7%A0%D7%90%D7%95-%D7%A9%D7%9C%D7%9E%D7%94-%D7%96%D7%9C%D7%9E%D7%9F,"Hanau, Salomon - ????, ???? ????",10988426,http://viaf.org/viaf/10988426,http://d-nb.info/gnd/131785710
https://www.haskala-library.net/people/hart-jacob-%D7%90%D7%9C%D7%99%D7%A7%D7%99%D7%9D-%D7%91%D7%9F-%D7%90%D7%91%D7%A8%D7%94%D7%9D,"Hart, Jacob - ?????? ?? ?????",292113644,https://viaf.org/viaf/35651199,http://d-nb.info/gnd/133642062
https://www.haskala-library.net/people/heidenheim-wolf-%D7%94%D7%99%D7%93%D7%A0%D7%94%D7%99%D7%9D-%D7%95%D7%95%D7%9C%D7%A3,"Heidenheim, Wolf - ???????, ????",311905873,http://viaf.org/viaf/69817285,http://d-nb.info/gnd/122702964
https://www.haskala-library.net/people/heimann-%D7%94%D7%99%D7%99%D7%9E%D7%9F,Heimann - ?????,313409914,https://viaf.org/viaf/42594659,http://d-nb.info/gnd/116660147
https://www.haskala-library.net/people/heinemann-jermias-%D7%94%D7%99%D7%99%D7%A0%D7%9E%D7%9F-%D7%99%D7%A8%D7%9E%D7%99%D7%94,"Heinemann, Jermias - ??????, ?????",none,None,None
https://www.haskala-library.net/people/helft-levy-%D7%94%D7%9C%D7%A4%D7%98-%D7%9C%D7%95%D7%99,"Helft, Levy - ????, ???",309711093,https://viaf.org/viaf/309711093,http://d-nb.info/gnd/1055682082
https://www.haskala-library.net/people/henle-elkan,"Henle, Elkan",298251295,https://viaf.org/viaf/13399285,http://d-nb.info/gnd/129841676
https://www.haskala-library.net/people/herz-marcus-%D7%94%D7%A8%D7%A5-%D7%9E%D7%A8%D7%9B%D7%95%D7%A1,"Herz, Marcus - ???, ?????",312717299,http://viaf.org/viaf/37046400,http://d-nb.info/gnd/118933876
https://www.haskala-library.net/people/hirsch-isaac-%D7%94%D7%99%D7%A8%D7%A9-%D7%90%D7%99%D7%A6%D7%A7-%D7%9C%D7%99%D7%91,"Hirsch, Isaac - ????, ???? ???",309666223,http://viaf.org/viaf/309666223,None 
https://www.haskala-library.net/people/hirschel-moses-%D7%94%D7%99%D7%A8%D7%A9%D7%9C-%D7%9E%D7%A9%D7%94,"Hirschel, Moses - ?????, ???",297987074,https://viaf.org/viaf/5305084,http://d-nb.info/gnd/144000784
https://www.haskala-library.net/people/h%C3%B6chheimer-simon-%D7%94%D7%9B%D7%94%D7%99%D7%99%D7%9E%D7%A8-%D7%A9%D7%9E%D7%A2%D7%95%D7%9F,"Höchheimer, Simon - ???????, ?????",291814994,https://viaf.org/viaf/37679967,http://d-nb.info/gnd/11692361X
https://www.haskala-library.net/people/homberg-herz-%D7%94%D7%A8%D7%A5-%D7%94%D7%95%D7%9E%D7%91%D7%A8%D7%92,"Homberg, Herz - ???, ??????",142653711,https://viaf.org/viaf/52893856,http://d-nb.info/gnd/134020626
https://www.haskala-library.net/people/horowitz-jehuda-%D7%94%D7%95%D7%A8%D7%95%D7%95%D7%99%D7%A5-%D7%99%D7%94%D7%95%D7%93%D7%94,"Horowitz, Jehuda - ???????, ?????",31276942,None,None
https://www.haskala-library.net/people/hourwitz-zalkind-%D7%94%D7%95%D7%A8%D7%91%D7%99%D7%A5-%D7%96%D7%9C%D7%A7%D7%99%D7%A0%D7%93,"Hourwitz, Zalkind - ??????, ??????",312080288,https://viaf.org/viaf/20490935,http://d-nb.info/gnd/119440229
https://www.haskala-library.net/people/hufnagel-%D7%94%D7%95%D7%A4%D7%A0%D7%92%D7%9C,Hufnagel - ??????,313278382,None,None
https://www.haskala-library.net/people/hurwitz-philipp-lazarus-%D7%94%D7%95%D7%A8%D7%95%D7%95%D7%99%D7%A5-%D7%A4%D7%99%D7%9C%D7%99%D7%A4-%D7%9C%D7%A6%D7%A8%D7%95%D7%A1,"Hurwitz, Philipp Lazarus - ???????, ????? ?????",97917943,http://viaf.org/viaf/97917943,http://d-nb.info/gnd/1153521431
https://www.haskala-library.net/people/itzig-isaac-daniel-%D7%90%D7%99%D7%A6%D7%99%D7%92-%D7%99%D7%A6%D7%97%D7%A7-%D7%93%D7%A0%D7%99%D7%90%D7%9C,"Itzig, Isaac Daniel - ?????, ???? ?????",305433649,None,None
https://www.haskala-library.net/people/Jacobson-Israel,Jacobson Israel,306575321,http://viaf.org/viaf/49993026,http://d-nb.info/gnd/11704783X
https://www.haskala-library.net/people/jaroslaw-aron-%D7%99%D7%A8%D7%95%D7%A1%D7%9C%D7%91-%D7%90%D7%94%D7%A8%D7%9F,"Jaroslaw, Aron - ??????, ????",None,None,None
https://www.haskala-library.net/people/jeitteles-baruch-benedict-%D7%99%D7%99%D7%98%D7%9C%D7%A9-%D7%91%D7%A8%D7%95%D7%9A,"Jeitteles, Baruch (Benedict) - ?????, ????",None,https://viaf.org/viaf/14297138,http://d-nb.info/gnd/136271170
https://www.haskala-library.net/people/jeitteles-ignaz-%D7%99%D7%99%D7%98%D7%9C%D7%A9-%D7%99%D7%92%D7%A0%D7%A5,"Jeitteles, Ignaz - ?????, ????",203419643,https://viaf.org/viaf/3253069,http://d-nb.info/gnd/117614823
https://www.haskala-library.net/people/jeitteles-juda-%D7%99%D7%99%D7%98%D7%9C%D7%A9-%D7%99%D7%94%D7%95%D7%93%D7%94,"Jeitteles, Juda - ?????, ?????",244496766,http://viaf.org/viaf/9607976,http://d-nb.info/gnd/141851996
https://www.haskala-library.net/people/kalker-simon-isaac-%D7%A7%D7%9C%D7%A7%D7%A8-%D7%A9%D7%9E%D7%A2%D7%95%D7%9F,"Kalker, Simon Isaac - ????, ?????",17175071,https://viaf.org/viaf/98403507,None 
https://www.haskala-library.net/people/kausch-johann-joseph,"Kausch, Johann Joseph",61582931,https://viaf.org/viaf/61582931,http://d-nb.info/gnd/100807402
https://www.haskala-library.net/people/kerner-moshe-%D7%A7%D7%A8%D7%A0%D7%A8-%D7%9E%D7%A9%D7%94-%D7%91%D7%9F-%D7%90%D7%9C%D7%99%D7%A2%D7%96%D7%A8,"Kerner, Moshe - ????, ??? ?? ??????",none,https://viaf.org/viaf/78650846,http://d-nb.info/gnd/142370584
https://www.haskala-library.net/people/kohen-piwana-josephi-%D7%A4%D7%99%D7%91%D7%A0%D7%99-%D7%99%D7%95%D7%A1%D7%A3-%D7%91%D7%9F-%D7%90%D7%99%D7%96%D7%A7-%D7%9B%D7%94%D7%A0%D7%90,"Kohen Piwana, Josephi - ?????, ???? ?? ????, ????",None,None,None
https://www.haskala-library.net/people/kohn-salomon-%D7%9B%D7%94%D7%9F-%D7%9E%D7%A9%D7%9C%D7%9D-%D7%96%D7%9C%D7%9E%D7%9F-%D7%91%D7%9F-%D7%A9%D7%9C%D7%9E%D7%94,"Kohn, Salomon - ???, ???? ???? ?? ????",310500572,https://viaf.org/viaf/75883756,http://d-nb.info/gnd/14240330X
https://www.haskala-library.net/people/kuh-ephraim-moses-%D7%A7%D7%95%D7%94-%D7%90%D7%A4%D7%A8%D7%99%D7%9D,"Kuh, Ephraim Moses - ???, ?????",194455172,https://viaf.org/viaf/72237379,http://d-nb.info/gnd/120951711
https://www.haskala-library.net/people/landau-israel-%D7%9C%D7%A0%D7%93%D7%90-%D7%99%D7%A9%D7%A8%D7%90%D7%9C,"Landau, Israel - ????, ?????",311112317,http://viaf.org/viaf/311112317,http://d-nb.info/gnd/136243770
https://www.haskala-library.net/people/landau-moses-israel,"Landau, Moses Israel",88359528,https://viaf.org/viaf/77415659,http://d-nb.info/gnd/130216593
https://www.haskala-library.net/people/lax-salomon-%D7%9C%D7%A7%D7%A1-%D7%A9%D7%9C%D7%9E%D7%94,"Lax, Salomon - ???, ????",298820661,http://viaf.org/viaf/298820661,http://d-nb.info/gnd/1155948777
https://www.haskala-library.net/people/lemans-moses-%D7%9C%D7%9E%D7%A0%D7%A1-%D7%9E%D7%A9%D7%94,"Lemans, Moses - ????, ???",61071809,https://viaf.org/viaf/61071809,http://d-nb.info/gnd/143894056
https://www.haskala-library.net/people/lesczinski-elasar-%D7%9C%D7%A9%D7%A6%D7%99%D7%A0%D7%A1%D7%A7%D7%99-%D7%90%D7%9C%D7%A2%D7%96%D7%A8,"Lesczinski, Elasar - ???'?????, ?????",288215793,http://viaf.org/viaf/288215793,None 
https://www.haskala-library.net/people/levi-avigdor-%D7%9C%D7%95%D7%99-%D7%90%D7%91%D7%99%D7%92%D7%93%D7%95%D7%A8,"Levi, Avigdor - ???, ???????",309524925,https://viaf.org/viaf/169474192,None 
https://www.haskala-library.net/people/levi-hannover-raphael-%D7%9C%D7%95%D7%99-%D7%A8%D7%A4%D7%90%D7%9C-%D7%9E%D7%94%D7%A0%D7%95%D7%91%D7%A8,"Levi, Hannover Raphael - ???, ???? ??????",283084577,http://viaf.org/viaf/283084577,None 
https://www.haskala-library.net/people/levi-joseph-jasmann-ben-joel-%D7%9C%D7%95%D7%99-%D7%99%D7%95%D7%A1%D7%A3-%D7%99%D7%95%D7%A1%D7%9E%D7%9F-%D7%91%D7%9F-%D7%99%D7%95%D7%90%D7%9C,"Levi, Joseph Jasmann ben Joel - ???, ???? ????? ?? ????",298632884,https://viaf.org/viaf/66145541730896600230/,http://d-nb.info/gnd/1081954639
https://www.haskala-library.net/people/levi-moses,"Levi, Moses",309698072,https://viaf.org/viaf/309698072,http://d-nb.info/gnd/1055534075
https://www.haskala-library.net/people/levin-menachem-mendel-%D7%9C%D7%A4%D7%99%D7%9F-%D7%9E%D7%A0%D7%97%D7%9D-%D7%9E%D7%A0%D7%93%D7%9C,"Levin, Menachem Mendel - ????, ???? ????",20765287,http://viaf.org/viaf/20765287,None 
https://www.haskala-library.net/people/levison-george-mordechai-gumpel-schnaber-%D7%A9%D7%A0%D7%90%D7%91%D7%A8-%D7%9C%D7%95%D7%99%D7%96%D7%95%D7%9F-%D7%92%D7%95%D7%9E%D7%A4%D7%9C-%D7%9E%D7%A8%D7%93%D7%9B%D7%99,"Levison, George (Mordechai Gumpel Schnaber) - ?????-??????, ????? ?????",None,None,http://d-nb.info/gnd/132968959
https://www.haskala-library.net/people/levy-elie-%D7%90%D7%9C%D7%99%D7%94%D7%95-%D7%97%D7%9C%D7%A4%D7%9F,"Levy, Elie - ????? ????",312042257,http://viaf.org/viaf/46904538,http://d-nb.info/gnd/1015979459
https://www.haskala-library.net/people/lindau-baruch-ben-jehuda-l%C3%B6b,"Lindau, Baruch ben Jehuda Löb",None,https://viaf.org/viaf/7126600,None 
https://www.haskala-library.net/people/l%C3%B6we-joel-%D7%91%D7%A8%D7%99%D7%9C-%D7%99%D7%95%D7%90%D7%9C,"Löwe, Joel - ???""?, ????",49996113,https://viaf.org/viaf/49996113,http://d-nb.info/gnd/117165859
https://www.haskala-library.net/people/lowe-johann-michael-siegfried,"Lowe, Johann Michael Siegfried",305145319,https://viaf.org/viaf/19950227,http://d-nb.info/gnd/101984759X
https://www.haskala-library.net/people/l%C3%B6wysohn-salomon-%D7%9C%D7%95%D7%95%D7%99%D7%96%D7%95%D7%9F-%D7%A9%D7%9C%D7%9E%D7%94,"Löwysohn, Salomon - ???????, ????",None,https://viaf.org/viaf/45105239,http://d-nb.info/gnd/119141329
https://www.haskala-library.net/people/luzzatto-ephraim-%D7%9C%D7%95%D7%A6%D7%98%D7%95-%D7%90%D7%A4%D7%A8%D7%99%D7%9D,"Luzzatto, Ephraim - ?????, ?????",312413808,https://viaf.org/viaf/120789685,http://d-nb.info/gnd/136389120
https://www.haskala-library.net/people/maimon-salomon-%D7%9E%D7%99%D7%9E%D7%95%D7%9F-%D7%A9%D7%9C%D7%9E%D7%94,"Maimon, Salomon - ?????, ????",313323284,https://viaf.org/viaf/68940347,http://d-nb.info/gnd/11857647X
https://www.haskala-library.net/people/marcus-ilfeld-hartog-hirsch-%D7%9E%D7%A8%D7%A7%D7%95%D7%A1-%D7%A6%D7%91%D7%99-%D7%94%D7%99%D7%A8%D7%A9-%D7%91%D7%9F-%D7%9E%D7%A8%D7%93%D7%9B%D7%99,"Marcus (Ilfeld), Hartog (Hirsch) - ?????, ??? ???? ?? ?????",None,None,None
https://www.haskala-library.net/people/marcuse-moses-%D7%9E%D7%A8%D7%A7%D7%95%D7%96%D7%99-%D7%9E%D7%A9%D7%94,"Marcuse, Moses - ??????, ???",88295606,http://viaf.org/viaf/88295606,None 
https://www.haskala-library.net/people/matthieu-levi,"Matthieu, Levi",309602397,https://viaf.org/viaf/309602397,http://d-nb.info/gnd/1052797563
https://www.haskala-library.net/people/meldola-abraham-%D7%9E%D7%99%D7%9C%D7%93%D7%95%D7%9C%D7%94-%D7%90%D7%91%D7%A8%D7%94%D7%9D,"Meldola, Abraham - ???????, ?????",304951299,http://viaf.org/viaf/304951299,None 
https://www.haskala-library.net/people/Mendelssohn-Moses,Mendelssohn Moses,313382185,https://viaf.org/viaf/19681378,http://d-nb.info/gnd/118580744
https://www.haskala-library.net/people/milliaud-mo%C3%AFse-%D7%9E%D7%99%D7%9C%D7%99%D7%95-%D7%9E%D7%A9%D7%94,"Milliaud, Moïse - ?????, ???",66003100,https://viaf.org/viaf/62411118,http://d-nb.info/gnd/121699617
https://www.haskala-library.net/people/moritz-karl-philipp-%D7%9E%D7%95%D7%A8%D7%99%D7%A5-%D7%A7%D7%A8%D7%9C-%D7%A4%D7%99%D7%9C%D7%99%D7%A3,"Moritz, Karl Philipp - ?????, ??? ?????",313382545,http://viaf.org/viaf/66482269,http://d-nb.info/gnd/118584162
https://www.haskala-library.net/people/moses-von-gottfried-jakob-schaller-%D7%A9%D7%9C%D7%A8-%D7%9E%D7%A9%D7%94-%D7%92%D7%95%D7%98%D7%A4%D7%A8%D7%99%D7%93-%D7%99%D7%A2%D7%A7%D7%91,"Moses von Gottfried Jakob Schaller - ???, ??? ??????? ????",None,https://viaf.org/viaf/51358373,http://d-nb.info/gnd/117102350
https://www.haskala-library.net/people/neumann-israel-moses-%D7%A0%D7%95%D7%99%D7%9E%D7%9F-%D7%99%D7%A9%D7%A8%D7%90%D7%9C-%D7%9E%D7%A9%D7%94,"Neumann, Israel Moses - ?????, ????? ???",None,https://viaf.org/viaf/85996401,http://d-nb.info/gnd/137816820
https://www.haskala-library.net/people/neumann-moses-samuel-%D7%A0%D7%95%D7%99%D7%9E%D7%9F-%D7%9E%D7%A9%D7%94-%D7%A9%D7%9E%D7%95%D7%90%D7%9C,"Neumann, Moses Samuel - ?????, ??? ?????",143850204,http://viaf.org/viaf/143850204,http://d-nb.info/gnd/142468045
https://www.haskala-library.net/people/oppenheim-simon-ben-david-%D7%90%D7%95%D7%A4%D7%A0%D7%94%D7%99%D7%9D-%D7%A9%D7%9E%D7%A2%D7%95%D7%9F-%D7%91%D7%9F-%D7%93%D7%95%D7%93,"Oppenheim, Simon ben David - ???????, ????? ?? ???",34131539,https://viaf.org/viaf/34131539/,http://d-nb.info/gnd/1053485425
https://www.haskala-library.net/people/ottensosser-david-%D7%90%D7%95%D7%98%D7%A0%D7%96%D7%95%D7%A1%D7%A8-%D7%93%D7%95%D7%93,"Ottensosser, David - ????????, ???",17133188,https://viaf.org/viaf/17133188,http://d-nb.info/gnd/138004528
https://www.haskala-library.net/people/oven-abraham-van-%D7%90%D7%95%D7%91%D7%9F-%D7%90%D7%91%D7%A8%D7%94%D7%9D,"Oven, Abraham van - ????, ?????",285089587,http://viaf.org/viaf/58613277,http://d-nb.info/gnd/1176064274
https://www.haskala-library.net/people/pappenheimer-salomon-seligmann-%D7%A4%D7%90%D7%A4%D7%A0%D7%94%D7%99%D7%99%D7%9D-%D7%A9%D7%9C%D7%9E%D7%94,"Pappenheimer, Salomon Seligmann - ????????, ????",297691741,https://viaf.org/viaf/5672044,http://d-nb.info/gnd/116031573
https://www.haskala-library.net/people/pereire-jacob-rodrigues,"Pereire, Jacob Rodrigues",307394770,https://viaf.org/viaf/64033095,http://d-nb.info/gnd/1076743056
https://www.haskala-library.net/people/philippson-moses-%D7%A4%D7%99%D7%9C%D7%99%D7%A4%D7%A1%D7%95%D7%9F-%D7%9E%D7%A9%D7%94,"Philippson, Moses - ????????, ???",170034890,https://viaf.org/viaf/65202386,http://d-nb.info/gnd/133660044
https://www.haskala-library.net/people/philipson-moses-%D7%A4%D7%99%D7%9C%D7%99%D7%A4%D7%A1%D7%95%D7%9F-%D7%9E%D7%A9%D7%94,"Philipson, Moses - ????????, ???",304096756,https://viaf.org/viaf/34796661,http://d-nb.info/gnd/11617448X
https://www.haskala-library.net/people/poper-m-%D7%A4%D7%95%D7%A4%D7%A8-%D7%9E%D7%A8%D7%93%D7%9B%D7%99,"Poper, M. - ????, ?????",312107424,None,None
https://www.haskala-library.net/people/reuben-ben-abraham-levi-%D7%A8%D7%90%D7%95%D7%91%D7%9F-%D7%91%D7%9F-%D7%90%D7%91%D7%A8%D7%94%D7%9D-%D7%9C%D7%95%D7%99,Reuben ben Abraham Levi - ????? ?? ????? ???,None,https://viaf.org/viaf/51642351,None 
https://www.haskala-library.net/people/riess-nathan-%D7%A8%D7%99%D7%96-%D7%A0%D7%AA%D7%9F,"Riess, Nathan - ???, ???",None,http://viaf.org/viaf/283367758,None 
https://www.haskala-library.net/people/rodrigues-moreira-jacob,"Rodrigues-Moreira, Jacob",90691203,http://viaf.org/viaf/90691203,http://d-nb.info/gnd/1157801846
https://www.haskala-library.net/people/romanelli-samuel-%D7%A8%D7%95%D7%9E%D7%A0%D7%9C%D7%99-%D7%A9%D7%9E%D7%95%D7%90%D7%9C,"Romanelli, Samuel - ??????, ?????",311870397,https://viaf.org/viaf/32055012,http://d-nb.info/gnd/132429039
https://www.haskala-library.net/people/salomon-marcus-schiller-szinessy,Salomon Marcus Schiller-Szinessy,15622638,https://viaf.org/viaf/15622638,http://d-nb.info/gnd/121313271
https://www.haskala-library.net/people/salomon-gotthold-%D7%A1%D7%9C%D7%95%D7%9E%D7%95%D7%9F-%D7%92%D7%95%D7%98%D7%94%D7%95%D7%9C%D7%93,"Salomon, Gotthold - ??????, ???????",200367077,https://viaf.org/viaf/25362338,http://d-nb.info/gnd/11676712X
https://www.haskala-library.net/people/samocz-israel-%D7%96%D7%9E%D7%95%D7%A9%D7%A5-%D7%99%D7%A9%D7%A8%D7%90%D7%9C,"Samocz, Israel - ?????, ?????",None,https://viaf.org/viaf/7252811/,http://d-nb.info/gnd/141825944
https://www.haskala-library.net/people/satanow-isaak-%D7%A1%D7%98%D7%A0%D7%95%D7%91-%D7%99%D7%A6%D7%97%D7%A7,"Satanow, Isaak - ?????, ????",30463531,https://viaf.org/viaf/30463531,http://d-nb.info/gnd/124154565
https://www.haskala-library.net/people/schiff-isaak-benedix-%D7%A9%D7%99%D7%A3-%D7%91%D7%A0%D7%93%D7%99%D7%98-%D7%90%D7%99%D7%A6%D7%A7,"Schiff, Isaak Benedix - ???, ????? ????",None,http://viaf.org/viaf/65154772,http://d-nb.info/gnd/132003945
https://www.haskala-library.net/people/sch%C3%B6nemann-salomo-%D7%A9%D7%99%D7%A0%D7%9E%D7%9F-%D7%A9%D7%9C%D7%9E%D7%94,"Schönemann, Salomo - ?????, ????",297095127,None,None
https://www.haskala-library.net/people/schott-benedict,"Schott, Benedict",81074093,https://viaf.org/viaf/81074093,http://d-nb.info/gnd/136787843
https://www.haskala-library.net/people/schottl%C3%A4nder-benedikt-%D7%A9%D7%95%D7%98%D7%9C%D7%A0%D7%93%D7%A8-%D7%91%D7%A0%D7%93%D7%99%D7%A7%D7%98,"Schottländer, Benedikt - ???????, ??????",None,https://viaf.org/viaf/81074093,http://d-nb.info/gnd/136787843
https://www.haskala-library.net/people/schulman-naftali-hirtz-%D7%A9%D7%95%D7%9C%D7%9E%D7%9F-%D7%A0%D7%A4%D7%AA%D7%9C%D7%99-%D7%94%D7%A8%D7%A5,"Schulman, Naftali Hirtz - ?????, ????? ???",None,None,None
https://www.haskala-library.net/people/schwab-abraham-ben-menachem-mendel-%D7%A9%D7%95%D7%95%D7%90%D7%91-%D7%90%D7%91%D7%A8%D7%94%D7%9D-%D7%91%D7%9F-%D7%9E%D7%A0%D7%97%D7%9D-%D7%9E%D7%A0%D7%93%D7%9C,"Schwab, Abraham ben Menachem Mendel - ?????, ????? ?? ???? ????",None,None,None
https://www.haskala-library.net/people/schwabacher-heimann-%D7%A9%D7%95%D7%91%D7%9B%D7%A8-%D7%97%D7%99%D7%99%D7%9D-%D7%A6%D7%91%D7%99,"Schwabacher, Heimann - ?????, ???? ???",297196210,https://viaf.org/viaf/299536026,http://d-nb.info/gnd/1015507417
https://www.haskala-library.net/people/soldin-jakob-%D7%96%D7%95%D7%9C%D7%93%D7%99%D7%9F-%D7%90%D7%9C%D7%99%D7%A7%D7%99%D7%9D-%D7%90%D7%99%D7%A1%D7%A8%D7%9C,"Soldin, Jakob - ??????, ?????? ?????",None,None,None
https://www.haskala-library.net/people/somerhausen-hirsch-hartog-%D7%96%D7%95%D7%9E%D7%A8%D7%94%D7%90%D7%95%D7%96%D7%9F-%D7%94%D7%99%D7%A8%D7%A9,"Somerhausen, Hirsch (Hartog) - ?????????, ????",None,https://viaf.org/viaf/22039052,http://d-nb.info/gnd/141536276
https://www.haskala-library.net/people/spalding-%D7%A9%D7%A4%D7%9C%D7%93%D7%99%D7%A0%D7%92,Spalding - ???????,313411157,None,None
https://www.haskala-library.net/people/troplowitz-joseph-ephrati-%D7%94%D7%90%D7%A4%D7%A8%D7%AA%D7%99-%D7%99%D7%95%D7%A1%D7%A3-%D7%9E%D7%98%D7%A8%D7%90%D7%A4%D7%9C%D7%95%D7%95%D7%99%D7%A5,"Troplowitz, Joseph Ephrati - ??????, ???? ??????????",289197102,https://viaf.org/viaf/25752444,http://d-nb.info/gnd/132026619
https://www.haskala-library.net/people/valabregue-israel-bernard-de-%D7%95%D7%90%D7%9C%D7%90%D7%91%D7%A8%D7%92-%D7%99%D7%A9%D7%A8%D7%90%D7%9C-%D7%91%D7%A8%D7%A0%D7%90%D7%A8-%D7%93%D7%94,"Valabregue, Israel-Bernard de - ???????, ????? ????? ??",309529782,https://viaf.org/viaf/37036015,http://d-nb.info/gnd/1168613787
https://www.haskala-library.net/people/vanoven-joshua-%D7%95%D7%A0%D7%90%D7%95%D7%91%D7%9F-%D7%99%D7%94%D7%95%D7%A9%D7%A2,"Vanoven, Joshua - ??????, ?????",245534841,https://viaf.org/viaf/75405449,http://d-nb.info/gnd/1156576067
https://www.haskala-library.net/people/venture-mardoch%C3%A9e-%D7%95%D7%A0%D7%98%D7%95%D7%A8%D7%94-%D7%9E%D7%A8%D7%93%D7%9B%D7%99,"Venture, Mardochée - ??????, ?????",56648586,https://viaf.org/viaf/56648586,http://d-nb.info/gnd/1065662742
https://www.haskala-library.net/people/wessely-hartwig-%D7%95%D7%99%D7%99%D7%96%D7%9C-%D7%A0%D7%A4%D7%AA%D7%9C%D7%99-%D7%94%D7%A8%D7%A5,"Wessely, Hartwig - ?????, ????? ???",308280103,https://viaf.org/viaf/2605610,http://d-nb.info/gnd/119178583
https://www.haskala-library.net/people/wohl-levi-%D7%95%D7%95%D7%9C-%D7%99%D7%94%D7%95%D7%93%D7%94-%D7%9C%D7%99%D7%91-%D7%91%D7%9F-%D7%A6%D7%91%D7%99-%D7%94%D7%99%D7%A8%D7%A9,"Wohl, Levi - ???, ????? ??? ?? ??? ????",284220708,http://viaf.org/viaf/284220708,http://d-nb.info/gnd/1153505835
https://www.haskala-library.net/people/wolf-elcan-isaac-%D7%95%D7%95%D7%9C%D7%A3-%D7%90%D7%9C%D7%A7%D7%9F-%D7%99%D7%A6%D7%97%D7%A7,"Wolf, Elcan Isaac - ????, ???? ????",29882857,https://viaf.org/viaf/29882857,http://d-nb.info/gnd/1024795705
https://www.haskala-library.net/people/wolf-joseph-%D7%95%D7%95%D7%9C%D7%A3-%D7%99%D7%95%D7%A1%D7%A3,"Wolf, Joseph - ????, ????",313384662,https://viaf.org/viaf/12704813,http://d-nb.info/gnd/137818580
https://www.haskala-library.net/people/wolfsohn-halle-aron-%D7%95%D7%95%D7%9C%D7%A4%D7%A1%D7%95%D7%9F-%D7%90%D7%94%D7%A8%D7%95%D7%9F,"Wolfsohn-Halle, Aron - ???????, ?????",None,http://viaf.org/viaf/38903996,http://d-nb.info/gnd/120163683
https://www.haskala-library.net/people/worms-ascher-anschel-%D7%95%D7%95%D7%A8%D7%9E%D7%A1-%D7%90%D7%A0%D7%A9%D7%99%D7%9C,"Worms, Ascher Anschel - ?????, ?????",289700461,https://viaf.org/viaf/162590945,http://d-nb.info/gnd/141172479
https://www.haskala-library.net/people/worms-wolff-%D7%95%D7%95%D7%A8%D7%9E%D7%A1-%D7%95%D7%95%D7%9C%D7%A3,"Worms, Wolff - ?????, ????",159128195,None,None
https://www.haskala-library.net/people/zirndorffer-isaac-david-%D7%A6%D7%99%D7%A8%D7%A0%D7%93%D7%95%D7%A8%D7%A3-%D7%90%D7%99%D7%A6%D7%A7,"Zirndorffer, Isaac David - ????????, ????",49996113,https://viaf.org/viaf/304951620,http://d-nb.info/gnd/1037606507
https://www.haskala-library.net/people/%D7%90%D7%91%D7%A8%D7%94%D7%9D-%D7%90%D7%91%D7%9C%D7%99-%D7%91%D7%9F-%D7%99%D7%A8%D7%9E%D7%99%D7%94,????? ???? ?? ?????,308275249,http://viaf.org/viaf/308275249,None 
https://www.haskala-library.net/people/%D7%90%D7%91%D7%A8%D7%94%D7%9D-%D7%91%D7%9F-%D7%90%D7%9C%D7%99%D7%94%D7%95,????? ?? ?????,313284930,http://viaf.org/viaf/101372048,http://d-nb.info/gnd/1022545841
https://www.haskala-library.net/people/%D7%90%D7%91%D7%A8%D7%94%D7%9D-%D7%91%D7%9F-%D7%9C%D7%90%D7%90-%D7%9B%D7%94%D7%9F-%D7%9E%D7%91%D7%99%D7%A1%D7%98%D7%A8%D7%99%D7%A5,"????? ?? ??""? ??? ????????",None,None,None
https://www.haskala-library.net/people/%D7%90%D7%91%D7%A8%D7%94%D7%9D-%D7%91%D7%A8%D7%90-%D7%A4%D7%9C,"????? ??""? ??",None,None,None
https://www.haskala-library.net/people/%D7%90%D7%95%D7%A8%D7%99-%D7%A4%D7%99%D7%91%D7%95%D7%A9-%D7%91%D7%9F-%D7%90%D7%A8%D7%99%D7%94-%D7%9C%D7%99%D7%91,???? ????? ?? ???? ???,308275281,http://viaf.org/viaf/308275281,None 
https://www.haskala-library.net/people/%D7%90%D7%9C%D7%99%D7%94%D7%95-%D7%91%D7%9F-%D7%A8%D7%A4%D7%90%D7%9C-%D7%A9%D7%9C%D7%9E%D7%94-%D7%94%D7%9C%D7%95%D7%99,"????? ?? ???? ????, ????",308270448,https://viaf.org/viaf/22101310,None 
https://www.haskala-library.net/people/%D7%90%D7%A8%D7%A2%D7%A0%D7%A1%D7%95%D7%95%D7%90%D7%9C%D7%93-%D7%A8%D7%90%D7%95%D7%91%D7%9F,"??????????, ?????",None,None,None
https://www.haskala-library.net/people/%D7%91%D7%A8%D7%99%D7%9C-%D7%90%D7%9C%D7%97%D7%A0%D7%9F,"???""?, ?????",None,None,None
https://www.haskala-library.net/people/%D7%91%D7%A9%D7%95%D7%95%D7%99%D7%A5-%D7%91%D7%A8%D7%95%D7%9A,"??????, ????",None,None,None
https://www.haskala-library.net/people/%D7%92%D7%93%D7%9C%D7%99%D7%94-%D7%9E%D7%90%D7%91%D7%A8%D7%96%D7%99%D7%98%D7%A6%D7%A7%D7%90,????? ??????????,None,None,None
https://www.haskala-library.net/people/%D7%92%D7%A8%D7%95%D7%A0%D7%93%D7%A9%D7%98%D7%99%D7%9F-%D7%99%D7%A2%D7%A7%D7%91-%D7%9C%D7%95%D7%99,"?????????, ???? ???",None,None,None
https://www.haskala-library.net/people/%D7%94%D7%95%D7%A8%D7%95%D7%95%D7%99%D7%A5-%D7%A4%D7%A0%D7%97%D7%A1-%D7%90%D7%9C%D7%99%D7%94%D7%95,"???????, ???? ?????",10979475,https://viaf.org/viaf/10979475,http://d-nb.info/gnd/131462563
https://www.haskala-library.net/people/%D7%94%D7%9B%D7%99%D7%9D-%D7%90%D7%9C%D7%99%D7%94%D7%95-%D7%91%D7%9F-%D7%97%D7%99%D7%99%D7%9D,"????, ????? ?? ????",97210751,http://viaf.org/viaf/97210751,None 
https://www.haskala-library.net/people/%D7%94%D7%A7%D7%9C%D7%99%D7%A8%D7%99-%D7%A9%D7%9E%D7%A9%D7%95%D7%9F,"??????, ?????",None,None,http://d-nb.info/gnd/1154823229
https://www.haskala-library.net/people/%D7%97%D7%99%D7%98-%D7%9E%D7%A9%D7%94-%D7%90%D7%91%D7%A8%D7%94%D7%9D-%D7%91%D7%9F-%D7%A8%D7%90%D7%95%D7%91%D7%9F,"???, ??? ????? ?? ?????",97221800,https://viaf.org/viaf/66415109,http://d-nb.info/gnd/1070474282
https://www.haskala-library.net/people/%D7%98%D7%94%D7%A2%D7%90%D7%93%D7%90%D7%A8-%D7%93%D7%95%D7%93,"???????, ???",None,None,None
https://www.haskala-library.net/people/%D7%99%D7%90%D7%A0%D7%95%D7%91-%D7%A9%D7%91%D7%AA%D7%99-%D7%91%D7%9F-%D7%93%D7%95%D7%93-%D7%99%D7%90%D7%A0%D7%95%D7%91-%D7%A9%D7%91%D7%AA%D7%99-%D7%91%D7%9F-%D7%93%D7%95%D7%93,"?????, ???? ?? ??? ?????, ???? ?? ???",None,None,None
https://www.haskala-library.net/people/%D7%99%D7%90%D7%A7%D7%91-%D7%96%D7%91,"???? ?""?",None,None,None
https://www.haskala-library.net/people/%D7%99%D7%94%D7%95%D7%93%D7%94-%D7%9C%D7%99%D7%91-%D7%91%D7%9F-%D7%9E%D7%A9%D7%94-%D7%9E%D7%94%D7%9E%D7%91%D7%95%D7%A8%D7%92,????? ??? ?? ??? ???????,None,None,None
https://www.haskala-library.net/people/%D7%99%D7%95%D7%A1%D7%A3-%D7%A9%D7%9C%D7%9E%D7%94-%D7%9E%D7%9C%D7%99%D7%A1%D7%90,"???? ????, ?????",291141206,http://viaf.org/viaf/291141206,None 
https://www.haskala-library.net/people/%D7%99%D7%A2%D7%A7%D7%91-%D7%A2%D7%9E%D7%93%D7%9F,???? ????,182335437,https://viaf.org/viaf/82152450/,http://d-nb.info/gnd/118989316
https://www.haskala-library.net/people/%D7%99%D7%A8%D7%95%D7%97%D7%9D-%D7%91%D7%9F-%D7%99%D7%A9%D7%9B%D7%A8-%D7%91%D7%A2%D7%A8-%D7%9E%D7%9C%D7%91%D7%95%D7%91,????? ?? ???? ??? ?????,None,None,None
https://www.haskala-library.net/people/%D7%9C%D7%95%D7%99%D7%9F-%D7%A6%D7%91%D7%99-%D7%94%D7%99%D7%A8%D7%A9,"????, ??? ????",308279810,https://viaf.org/viaf/64404821,http://d-nb.info/gnd/102787123
https://www.haskala-library.net/people/%D7%9E%D7%95%D7%93%D7%99%D7%A0%D7%94-%D7%93%D7%95%D7%93-%D7%91%D7%9F-%D7%A6%D7%99%D7%95%D7%9F-%D7%91%D7%9F-%D7%90%D7%91%D7%A8%D7%94%D7%9D,"??????, ??? ??-???? ?? ?????",308273466,http://viaf.org/viaf/308273466,None 
https://www.haskala-library.net/people/%D7%9E%D7%99%D7%A0%D7%93%D7%9F-%D7%99%D7%94%D7%95%D7%93%D7%94-%D7%9C%D7%99%D7%91-%D7%91%D7%9F-%D7%99%D7%95%D7%90%D7%9C,"?????, ????? ??? ?? ????",308273494,https://viaf.org/viaf/308273494,http://d-nb.info/gnd/141903740
https://www.haskala-library.net/people/%D7%9E%D7%A2%D7%A0%D7%A5-%D7%90%D7%91%D7%A8%D7%94%D7%9D-%D7%99%D7%95%D7%A1%D7%A3-%D7%91%D7%9F-%D7%A9%D7%9E%D7%A2%D7%95%D7%9F-%D7%95%D7%95%D7%90%D7%9C%D7%A3,"????, ????? ???? ?? ????? ?????",None,None,None
https://www.haskala-library.net/people/%D7%9E%D7%A8%D7%92%D7%9C%D7%99%D7%95%D7%AA-%D7%99%D7%94%D7%95%D7%93%D7%94-%D7%9C%D7%99%D7%91-%D7%91%D7%9F-%D7%90%D7%A9%D7%A8-%D7%96%D7%9C%D7%99%D7%92,"???????, ????? ??? ?? ??? ????",27478507,https://viaf.org/viaf/27478507,http://d-nb.info/gnd/103401342
https://www.haskala-library.net/people/%D7%9E%D7%A8%D7%93%D7%9B%D7%99-%D7%91%D7%9F-%D7%99%D7%A6%D7%97%D7%A7-%D7%94%D7%9C%D7%95%D7%99,"????? ?? ????, ????",298857219,http://viaf.org/viaf/298857219,None 
https://www.haskala-library.net/people/%D7%9E%D7%A9%D7%94-%D7%91%D7%A8%D7%93-%D7%A4%D7%9C-%D7%9E%D7%A9%D7%94-%D7%91%D7%A8%D7%93-%D7%A4%D7%9C,"??? ??""? ?""? ??? ??""? ?""?",None,None,None
https://www.haskala-library.net/people/%D7%9E%D7%A9%D7%94-%D7%A6%D7%91%D7%99-%D7%91%D7%A8-%D7%9E%D7%A0%D7%97%D7%9D-%D7%9E%D7%95%D7%95%D7%99%D7%94%D7%9C,"??? ??? ?""? ???? ??????",None,None,None
https://www.haskala-library.net/people/%D7%A0%D7%91%D7%97%D7%95%D7%91%D7%99%D7%A5-%D7%99%D7%94%D7%95%D7%93%D7%94-%D7%9C%D7%99%D7%91,"???????, ????? ???",308280223,http://viaf.org/viaf/308280223,None 
https://www.haskala-library.net/people/%D7%A0%D7%A0%D7%A1%D7%99%D7%9A-%D7%90%D7%91%D7%A8%D7%94%D7%9D-%D7%91%D7%9F-%D7%A9%D7%9C%D7%9E%D7%94,"?????, ????? ?? ????",297643410,http://viaf.org/viaf/297643410,None 
https://www.haskala-library.net/people/%D7%A0%D7%A4%D7%AA%D7%9C%D7%99-%D7%94%D7%99%D7%A8%D7%A5-%D7%91%D7%9F-%D7%99%D7%94%D7%95%D7%93%D7%94-%D7%9C%D7%99%D7%91-%D7%9E%D7%94%D7%9C%D7%91%D7%A8%D7%A9%D7%98%D7%98,"????? ???? ?? ????? ???, ????????",None,None,None
https://www.haskala-library.net/people/%D7%A4%D7%95%D7%9C%D7%A7-%D7%90%D7%94%D7%A8%D7%9F,"????, ????",308280873,http://viaf.org/viaf/308280873,None 
https://www.haskala-library.net/people/%D7%A4%D7%95%D7%A2%D7%9C%D7%99-%D7%91%D7%99%D7%AA-%D7%94%D7%93%D7%A4%D7%95%D7%A1-%D7%97%D7%A0%D7%95%D7%9A-%D7%A0%D7%A2%D7%A8%D7%99%D7%9D,????? ??? ????? ???? ?????,None,None,None
https://www.haskala-library.net/people/%D7%A4%D7%99%D7%90%D7%A6%D7%94-%D7%9E%D7%A9%D7%94-%D7%90%D7%94%D7%A8%D7%9F-%D7%A8%D7%97%D7%9E%D7%99%D7%9D,"?????, ??? ???? ?????",97436179,http://viaf.org/viaf/97436179,None 
https://www.haskala-library.net/people/%D7%A4%D7%A0%D7%97%D7%A1-%D7%96%D7%A2%D7%9C%D7%99%D7%92-%D7%91%D7%9F-%D7%90%D7%94%D7%A8%D7%9F,???? ????? ?? ????,None,None,None
https://www.haskala-library.net/people/%D7%A4%D7%A8%D7%99%D7%93%D7%9C%D7%A0%D7%93%D7%A8-%D7%91%D7%A8%D7%93-%D7%91%D7%95%D7%A0%D7%9D,"????????, ??""? ????",None,None,None
https://www.haskala-library.net/people/%D7%A4%D7%A8%D7%99%D7%93%D7%9C%D7%A2%D7%A0%D7%93%D7%A8-%D7%91%D7%95%D7%A0%D7%9D-%D7%91%D7%A8%D7%93-%D7%91%D7%95%D7%A0%D7%9D-%D7%91%D7%A8%D7%93-%D7%A4%D7%9C,"?????????, ???? ??""? ???? ??""? ?""?",None,None,None
https://www.haskala-library.net/people/%D7%A6%D7%91%D7%99-%D7%94%D7%99%D7%A8%D7%A9-%D7%91%D7%9F-%D7%9E%D7%A0%D7%97%D7%9D-%D7%A0%D7%97%D7%95%D7%9D,??? ???? ?? ???? ????,310852878,None,None
https://www.haskala-library.net/people/%D7%A8%D7%90%D7%9B%D7%A0%D7%90%D7%95%D7%95%D7%A2-%D7%99%D7%95%D7%96%D7%9C,"????????, ????",None,None,None
https://www.haskala-library.net/people/%D7%A9%D7%99%D7%90%D7%A8-%D7%90%D7%91%D7%A8%D7%94%D7%9D-%D7%A0%D7%A4%D7%AA%D7%9C%D7%99-%D7%94%D7%99%D7%A8%D7%A5,"????, ????? ????? ????",97280842,https://viaf.org/viaf/24286909,http://d-nb.info/gnd/1019716401
https://www.haskala-library.net/publishers/alexander,A. Alexander,None,None,http://d-nb.info/gnd/1168063019
https://www.haskala-library.net/publishers/carl-friedrich-amelang,Carl Friedrich Amelang,,http://viaf.org/viaf/67518689,http://d-nb.info/gnd/128440694
https://www.haskala-library.net/publishers/daniel-christoph-kanter-%D7%93%D7%A0%D7%99%D7%90%D7%9C-%D7%A7%D7%A8%D7%99%D7%A1%D7%98%D7%90%D7%A3-%D7%A7%D7%90%D7%A0%D7%AA%D7%A8,Daniel Christoph Kanter - ????? ??????? ?????,None,None,http://d-nb.info/gnd/137712804
https://www.haskala-library.net/publishers/friedrich-maurer,Friedrich Maurer,None,None,http://d-nb.info/gnd/116854944
https://www.haskala-library.net/publishers/gottlieb-leberecht-hartung,Gottlieb Leberecht Hartung,None,None,http://d-nb.info/gnd/116502967
https://www.haskala-library.net/publishers/heinrich-fr%C3%B6lich,Heinrich Frölich,None,None,http://d-nb.info/gnd/116830794
https://www.haskala-library.net/publishers/joseph-stahel,Joseph Stahel,None,None,http://d-nb.info/gnd/121220710
https://www.haskala-library.net/people/Alexander-Levy,Levy Alexander,311971929,http://viaf.org/viaf/222152140015511100004,http://d-nb.info/gnd/115441809X
https://www.haskala-library.net/publishers/michael-gr%C3%B6ll,Michael Gröll,None,None,http://d-nb.info/gnd/100491472
https://www.haskala-library.net/publishers/michaelis,Michaelis,None,None,http://d-nb.info/gnd/1037496086
https://www.haskala-library.net/publishers/p-delaforest,P. Delaforest,None,None,http://d-nb.info/gnd/1037593995
https://www.haskala-library.net/publishers/wilhelm-gottlieb-korn,Wilhelm Gottlieb Korn,None,None,http://d-nb.info/gnd/136422896
https://www.haskala-library.net/people/Arnstein-Benedikt,Arnstein Benedikt,67310902,https://viaf.org/viaf/67310902/,http://d-nb.info/gnd/120963434
https://www.haskala-library.net/people/Berlin-Saul,"Berlin, Saul",302403142,https://viaf.org/viaf/76189490/,http://d-nb.info/gnd/136442099
https://www.haskala-library.net/people/Bloch-Marcus-Elieser,Bloch Marcus Elieser,312358065,https://viaf.org/viaf/12377612,http://d-nb.info/gnd/118663968
https://www.haskala-library.net/people/Franco-Mendes-David,Franco Mendes David,295374324,http://viaf.org/viaf/295374324,http://d-nb.info/gnd/1146404700
https://www.haskala-library.net/people/Frankel-David,Fränkel David,312067589,https://viaf.org/viaf/102605103,http://d-nb.info/gnd/139754105
https://www.haskala-library.net/people/Heimann,Heimann,313409914,None,http://d-nb.info/gnd/116660147
https://www.haskala-library.net/people/Jeitteles-Ignaz,Jeitteles Ignaz,203419643,https://viaf.org/viaf/3253069,http://d-nb.info/gnd/117614823
https://www.haskala-library.net/people/Satanow-Isaak,Satanow Isaak,30463531,http://viaf.org/viaf/30463531,http://d-nb.info/gnd/124154565
